{"cameraMode":{"drawMode":0,"name":"Shaded","section":"Shading Mode"},"sceneLighting":true,"audioPlay":false,"sceneViewState":{"showFog":true,"showMaterialUpdate":false,"showSkybox":true,"showFlares":true,"showImageEffects":true,"showParticleSystems":true},"in2DMode":false,"pivot":{"x":2.6291260719299318,"y":-0.01994180679321289,"z":-0.6835498809814453},"rotation":{"x":0.18195079267024995,"y":-0.017698336392641069,"z":0.003275378840044141,"w":0.9831438660621643},"size":9.556233406066895,"orthographic":false}